iphone 6,46771
iphone 5s,46559
cep telefonu,35349
iphone 7,35196
iphone 5,18783
iphone 6 plus,18099
iphone 6s,15672
4s,15598
xiaomi mi5,15272
lg g3,14929
iphone 4s,13171
samsung galaxy j7,12882
lg g4,12496
samsung cep telefonlar?,11522
samsung galaxy note 3,11190
tu?lu,10737
iphone,10727
samsung,10667
xiaomi,9588
iphone 4,8842
samsung galaxy s6,8488
samsung j7,8291
telefon,7760
lg g2,7076
s4 i9500,5872
samsung galaxy j7 prime,5772
samsung telefonlar,5677
samsung galaxy s5,5670
htc one m8,5606
xperia z3,5597
lg g5,5584
asus zenfone 2,5487
samsung j7 prime,5460
note 2,5373
ak?ll? telefon,5013
samsung c5,4898
samsung galaxy note 5,4814
casper,4785
samsung note 4,4717
galaxy s3,4652
sony xperia z2,4371
note,4289
te?hir ürünü,4220
iphone 4 16 gb,3898
nokia cep telefonu,3891
samsung galaxy a5,3876
samsung galaxy,3722
2 el cep telefonu,3626
huawei,3583
general mobile gm 5 plus,3502
ikinci el,3471
casper via a1,3468
general mobile,3357
galaxy note 3,3347
samsung galaxy note 4,3312
samsung s7 edge,3260
samsung galaxy j5,3182
iphone 5c,3178
sony xperia,3078
s3 i9300,3065
(s3 i8190) mini,3002
lenovo k5,2983
samsung c7,2921
samsung galaxy s7 edge,2905
apple iphone,2900
samsung j5,2898
samsung galaxy s6 edge,2871
iphone 6s plus,2848
apple iphone 5s 16 gb cep telefonu,2833
kapakli,2781
iphone 7 plus,2750
j7 prime,2716
tu?lu cep telefonu,2646
nokia,2608
sony xperia z5,2605
iphone 5 telefon,2592
samsung galaxy a7,2555
samsung galaxy c5,2552
samsung galaxy a8,2487
samsung galaxy s4,2437
samsung galaxy c7,2385
lg,2320
sony xperia z1,2297
lumia,2296
vestel venüs,2286
blackberry,2259
iphone telefon,2246
samsung galaxy j2,2233
samsung a7,2198
asus zenfone 3,2195
note 3,2194
dokunmatik,2100
s3,2068
nokia 3310,2059
htc desire,2051
çift hatl? cep telefonu,2015
samsung galaxy s7,2013
general mobile discovery,2002
samsung a3,1964
casper via m1,1901
mi5,1874
s7 edge,1848
iphone se,1805
samsung galaxy j3,1797
outlet,1757
samsung galaxy s3 mini,1757
samsung s3,1734
samsung a5,1718
samsung s7,1657
huawei p9,1643
samsung cep telefonlari,1638
nokia 6300,1626
j7,1616
huawei p9 lite,1609
sony xperia xa ultra,1559
lg 3 fiyati,1557
note 4,1550
note 5,1544
lg v10,1539
samsung galaxy s4 mini,1491
lg k10,1489
nokia 1100,1470
samsung galaxy note,1467
lg cep telefonu,1459
lg g3 32 gb,1449
nokia lumia,1448
samsung galaxy s3,1438
lg g3 beat,1418
htc one m7,1362
samsung galaxy s5 mini,1333
lenovo,1322
samsung j2,1318
iphone 3,1303
galaxy s4 mini,1263
sony,1252
samsung galaxy a3,1248
iphone 5 16gb,1232
sahibinden 2 el,1204
galaxy s4,1194
iphone 5 ucuz,1148
samsung note 5,1148
samsung galaxy j5 prime,1114
s3 mini,1101
samsung galaxy a3 2016,1090
5s,1082
vestel venus,1037
samsung cep telefonu,1035
one,1035
lenovo k5 note,1028
lenovo p2,1016
sony xperia z3,1010
xiaomi redmi note 4,1010
htc desire 820,1001
c7,992
xiaomi redmi,988
sony xperia xa,976
ucuz cep telefonu,964
samsung galaxy ace,960
sony xperia xz,939
desire 816,938
s6 edge,935
asus zenfone 6,929
samsung galaxy grand prime,901
samsung galaxy grand,899
iphone 4 cep telefonu,898
c5,891
nokia 1110,890
i?phone,879
htc cep telefonu,875
samsung j7 2016,870
iphone 5 cep telefonu,855
lenovo vibe p1,851
htc one,848
apple iphone 6,847
taksitle telefon,840
android cep telefonu,837
samsung s3 mini,832
samsung s4,823
sony xperia z,819
ipone 5s,814
sony xperia z5 premium,809
general mobile gm5,804
huawei mate 8,798
nokia 1200,791
vestel venus v3 5570,789
samsung a8,781
htc 10,779
ayfon 5,761
s7,759
iphone 6s 32 gb,758
samsung s6,755
j5,753
samsung a5 2016,751
?kinci el cep telefonu,751
cep telefonlar?,744
ar?zal?,741
vestel venus v3 5070,740
iphone 1,734
samsung j5 prime,732
samsung galaxy a5 2016,722
tu?lu telefonlar,718
samsung e250,718
samsung 1205,701
nokia c3,696
iphone 7 128 gb,693
lenovo k5 plus,691
mini,685
asus zenfone,671
motorola,658
samsung s5,657
3310 s?f?r,651
nokia 1280,649
samsung galaxy s3 mini cep telefonu,646
sony xperia-z,619
casper via v10,617
i?phone 5s,612
samsung galaxy s6 edge plus,612
mi 5,609
ayfon 5s,605
sahibinden sat?l?k,597
2 el telefon,597
samsung j3,589
xperia,584
xiaomi mi 5,577
nokia 8210,573
ericsson t28,573
iphone 6 64 gb,571
lg v20,551
samsung j5 2016,549
asus cep telefonu,546
sony xperia e5,546
sony xperia x,543
(s4 i9190) mini,542
i?phone 6,541
casper cep telefonu,534
s4,523
lg stylus 2,521
iphone 7 32 gb,518
samsung galaxy a7 2016,517
s6,508
samsung galaxy note 2,500
ipone 7,499
samsung galaxy j5 2016,496
samsung galaxy on7,496
s4 mini,489
ak?ll? telefonlar,481
alcatel idol 3,479
xiaomi mi max,477
4 gb ram,476
nokia 5110,470
5610 fiyat?,468
reeder,466
zenfone 3,465
lg g3 d855,464
sony xperia m5,463
samsung galaxy j7 2016,463
a5,463
6s,462
samsung galaxy note 3 cep telefonu,461
samsung s6 edge,459
huawei gt3,459
galaxy note 2,453
samsung galaxy j1,451
nokia 8310,448
apple iphone5,444
gm5,443
nokia c5,441
lenovo moto g4,438
samsung galaxy s 2,433
"\""xperia z\"" 6603",432
xiomi mi5,431
vestel venus cep telefonu,430
alcatel,429
samsung e1205,429
lenovo cep telefonu,419
samsung a5 2017,419
j5 prime,418
asus zenfone max,417
lenova k5,414
htc desire 830,409
samsung çift hatl?,408
mi max,403
sony xperia z 2,403
j2,399
xiaomi mi5s,396
asus zenfone 2 32 gb,395
samsung b350,394
xperia xz,390
samsung çift hatl? telefon,389
hepsiburada cep telefonu,386
iphone 6s 64gb,385
vestel venus v3 5040,385
teknosa preo p2,385
tu?lu telefon,383
asus zenfone 2 laser,379
lg g2 cep telefonu,377
te?hir cep telefonu,374
iphone4,372
xiaomi redmi pro,372
iphone 6s 16 gb,369
samsung b310,366
sony cep telefonlar?,366
htc one s,366
s2 9100,362
samsung telefon,357
g4,357
ipone 6s,357
televizyonlu telefon,356
lg g4 h815,356
samsung note 3,355
vestel venüs v3 5010,351
samsung tu?lu telefon,348
iphone 2,344
nokia 5210,344
xi?aomi? mi?5,344
i?phone 7,338
note4,336
casper via e1,334
samsung i9500 galaxy s4,334
xiomi,330
apple iphone 7,327
general mobile 5 plus,325
i?phone 6s,325
?pone 6,324
samsung galaxy mini,322
nokia e72,317
nokia 6600,317
lg x screen,316
samsung galaxy c9,316
ericsson 688,313
motorola v3,312
s5,310
iphone 7 128,310
?phone 5s,310
i?phone 5,308
asus zenfone 5,306
a7,305
apple iphone 6s 32 gb,303
samsung j1,300
asus zenfone 3 deluxe,298
?phone,295
kapakl? cep telefonu,295
note3,294
g5,289
sony x xperia,283
taksitli cep telefonu,278
note5,278
galaxy s7,277
samsung galaxy j7 pri?me,277
casper via,275
i?phone 6 plus,272
apple iphone,271
a3,271
nokia 5800,270
iphone 6s plus 64 gb,270
sony xperia z2 cep telefonu,269
samsung kameras?z telefonlar,269
general mobile discovery 16 gb,267
iphone 5 s,264
lenovo moto g4 plus,263
nokia 6020,261
meizu,260
lg g4 stylus,258
sony cep telefonu,257
samsung note 3 fiyat?,255
iphone 7 plus 128 gb,255
vestel venüs v3,250
lg g4 32 gb,250
galaxy mini,249
samsung galaxy s5 cep telefonu,248
iphone6,245
lg g2 32 gb,244
moto,244
lenova cep telefonu,241
iphone5s,240
general mobile gm 5,240
zenfone 2,240
htc one s9,240
samsung galaxy s4 cep telefonu,240
apple ?phone 5,238
nokia 3210,238
sony xperia x compact,235
general mobile gm5 plus,230
samsung e1150,230
delta,229
casper via p1,228
samsung galaxy s,228
i phone 6,226
huawei y6,226
a810,226
gm5 plus,225
mini cep telefonu,225
a310,225
galaxy j7,223
samsung cep telefon,221
zenfone 5,221
apple iphone 7 plus,220
galaxy j7 prime,220
moto g4,219
?phone 5,216
?phone 6,216
?phone 6s,214
lenovo vibe k5,214
apple iphone 6s,213
iphone7,213
panasonic gd55,212
xperia x,210
sony xz,210
j510,210
vestel cep telefonu,208
samsung galaxy a5 2017,207
galaxy c5,206
lg g4 beat,206
apple iphone 4,205
xaomi mi5,205
1 tl den,204
moto z,202
samsung galaxy on5,202
i phone 7,201
nokia 6303,201
turkcell,200
note2,195
i?phone 4,195
?phone 7 plus,192
apple iphone 7 32 gb,192
asus cep telefonlar?,192
apple iphone 6s plus,192
sony xa,191
htc one m9,189
lg g2 mini,189
iphone 6 16 gb,188
j7 2016,188
asus zenfone 3 laser,187
iphone 7 32gb,186
i?phone 4s,186
huawei y6 2,186
samsung galaxy c7 cep telefonu,185
lenovo moto z,185
samsung tu?lu cep telefonu,184
lg g5 cep telefonu,184
samsung galaxy note 3 n9000q,184
casper via a1 plus,184
kaan n1,183
moto g4 plus,183
samsung ?9190 galaxy s4 mini,183
?phone 4s,182
xiaomi mi,181
lenovo vibe p1 pro,180
samsung on7,180
trend 7560,179
apple iphone 5s,179
5g telefon,178
iphone 3gs,178
htc telefon,177
galaxy j5,177
i?phone se,177
samsung e2121,176
samsung galaxy note 2 cep telefonu,176
lg l5,176
casper via m2,176
htc desire c,176
samsung j510,174
iphone 6s 32gb,174
nokia n73,174
samsung a3 2016,172
samsung j710,172
a5 2017,172
samsung s3600,171
galaxy c7,170
discovery 2,169
lg k10 cep telefonu,169
5830 -5830i,168
nokia 230,166
xperia x compact,166
cesper via a1,166
samsung galaxy c5 cep telefonu,166
nokia tu?lu cep telefonu,165
samsung galaxy one 7,164
samsung j 7,164
samsung galaxy a,163
iphone 7 32,163
xiamio mi5,163
te?hir,163
gm 5,162
hediyeli,161
samsung galaxy alpha cep telefonu,160
nok?a,159
c9 pro,159
nokia c2 01,158
antika cep telefonu,156
htc telefonlar,156
galaxy s6,155
çift hatl? telefonlar,155
galaxy note,155
xperia xa,154
zenfone,154
samsung c9,154
a5 2016,153
lenova k5 cep telefonu,150
samsung galaxy telefon,150
samsung galaxy s4 mini cep telefonu,150
sony xperia z1 compact,150
i phone 6s,150
k5,149
akilli telefon,147
lenova,147
sony ericsson,147
nokia 8850,146
?phone 7,146
nokia 6230i,144
samsung galaxy s2,143
galaxy note n9000,143
samsung note,142
xaomi,142
iphone 7 plus 32 gb,141
4 inç telefonlar,141
xperia z5,140
iphone5,140
5.5 inç,139
galaxy a5,137
lg cep telefonlar?,137
cep telefonlari,133
alcatel idol 4,132
lenovo vibe s1 lite,132
nokia 6310i,132
samsung galaxy alpha,130
g8,130
i?phone 7 plus,130
samsung duos,130
htc one m8 cep telefonu,130
samsung c 2,130
samsung galaxy a7 2016 cep telefonu,129
cep telefon,128
samsung a3 2017,128
iphone cep telefonu,128
galaxy a8,128
asus zenfone 2 ze551ml,127
z5,127
sony xa ultra,127
nokia 2100,126
redmi pro,126
huawei mate s,126
samsung galaxy c9 pro,126
sahibinden s?f?r,124
ak?ls?z telefonlar,124
dokunmatik telefon,123
en ucuz ak?ll? cep telefonlar?,123
monte 5620,123
nokia 1112,122
i phone 5s,122
3gs,121
huawei p9 plus,121
ayfon 4,120
nokia-6300,119
x compact,119
nokia e71,119
samsung s5830i galaxy ace,118
lg g4 cep telefonu,118
b310,117
blackberry priv,117
iphone 6 16gb,117
asus telefon,117
i?phone 6s plus,116
p9 lite,116
nokia 6500 slide,116
i phone,115
j 7,115
lg 5,115
samsung galaxy duos,115
lumia920,115
samsung c260,114
ericsson,114
nokia 6100,113
lenovo vibe k5 plus,113
sony z5,112
apple 7,111
x1,111
iphone 6 s,111
apple iphone 6 plus,110
ayfon 6,110
nokia 6310,110
s6 edge plus,109
samsung a7 2016,109
htc desire 825,109
samsung c9 pro,109
ayfon 6s,108
radyolu,107
lg g3 cep telefonu,107
cep,107
nokia 1203,106
outlet cep telefonlar?,105
xiaomi cep telefonu,105
iphone4s,105
samsung galaxy j510 2016,104
k5 note,104
iphone 7 128gb,104
lg 5 telefon,104
pembe telefonlar,103
nokia x6,103
lg g3 en ucuz 32 gb,103
apple 6,103
lg x power,102
iphone 6s 32,101
iphone 7 plus 32,101
samsung a8 2016,101
nokia n8,101
general mobile 5,100
nokia 2630,100
lg g4c,100
lg 4 fiyati,99
"\""galaxy w\""wonder8150",99
te?hir ürünü cep telefonu,98
samsung a510,98
en ucuz telefon,98
samsung a810,98
xa ultra,98
samsung j7 pri?me,97
taksitli telefon,97
samsung galaxy a810,96
nokia 2300,96
ayfon 7,96
nokia tu?lu telefon,96
k?zakl? cep telefonu,96
nokia x3 02,96
apple iphone 5,96
samsung çift hatl? duos,95
nokia 5130,94
mi 5s,94
j3,94
nokia 6630,94
e1205,93
mi5s,93
nokia n95,93
casper telefon,93
j710,93
apple 5s,93
htc m8,92
c3,91
vestel telefon,91
6s plus,91
android telefon,91
vestel venüs 5070,91
s2 i9100,91
a3 2017,90
?phone 6 plus,90
iphone 6plus,90
k5 plus,90
samsung cep,90
samsung a8 telefon,90
casper via telefon,90
xiamio,90
blackberry passport,89
samsung j2 fiyat,89
nokia 2730,89
casper m1,88
apple iphone 6s 16 gb cep telefonu,87
noki?a,87
lg g3 16gb,86
lg telefon,86
galaxy s5,85
samsung j7 prime cep telefonu,85
apple iphone 5 en ucuz,85
x3-02,85
nokia 1600,85
asus zenfone3,85
htc s9,84
lg g5 h850,84
htc m9,84
vestel venüs v3 5070,84
j5 2016,84
samsung galaxy j7 prime cep telefonu,84
ipone 6,84
general mobile 4g android one,84
samsung s4 mini,84
samsung galaxy a310,83
alt?n rengi,83
a3 2016,82
casper via a1 cep telefonu,82
apple 6s,82
gt3,82
one x,82
reeder p10,82
htc 830,81
anka,81
lenovo p1,81
sahibinden 3,81
samsung galaxy ace s5830i,81
kapakl?,81
ze551ml,80
çift sim kart,80
samsung c 5,79
samsung j700,79
xperia z5 premium,79
ayfon 1,78
iphone6s,78
xz,77
samsung galaxy j710 2016,77
sony telefon,77
sony e5,75
mate 8,75
5830i,75
galaxy,75
ericsson 628,75
samsung galaxy j1 ace,74
samsung galaxy s6 edge 32 gb,74
sony x compact,74
samsung a 5,74
samsung galaxy s6 32 gb,73
redmi note 3,73
samsung sgh,73
samsung s,73
huvai,72
galaxy note 4,72
lumia 1020,71
g532,71
vestel venus v3,71
i phone 5,71
casper a1,71
sahibinden c,71
ses de?i?tirici,71
n73,70
çift sim,70
reeder p10s,70
6s 32,70
samsung 5611,70
j1,69
nokia x3,69
nokia 1616,69
galaxy a5 telefon,69
k10,67
samsung galaxy a8 telefon,67
s5 mini,67
iphone 5s 16 gb,67
apple iphone 7 32gb,67
samsung on5,67
xperia xa ultra,67
s7edge,67
?phone5s,67
a8,67
blackberry q10,67
htc10,67
redmi note 4,66
htc m7,66
nokia n96,66
sony ericsson k750i,65
samsung galaxy grand prime plus,65
samsung c7 cep telefonu,65
apple iphone 6s 32gb,65
j1 mini,65
samsung galaxy j3 2016,64
p8 lite,64
yenilenmi? telefon,64
samsung galaxy j1 mini,64
sony z3,63
5.5 telefon,63
general mobile android one,63
ayfon,63
vestel venus v3 5580,62
32gb,62
ak?ll? cep telefonlar?,62
venüs,62
galaxy a7,62
ultron x1,61
nokia 301,61
panasonic cep telefonu,61
meizu pro 6,61
iphone 5 siyah,61
samsung j5 cep telefonu,60
dual sim,60
g3,60
samsung s 3600,60
e72,60
samsung galaxy j510,60
samsung j2 cep telefonu,60
day mobile,60
samsung ak?ll? telefonlar,60
çift sim kartl? telefonlar,59
iphone 6s plus 16gb,59
note 2 ucuz,59
note4 samsung,59
samsung note4,59
xioami mi max,59
ipone 5,59
i phone 6 plus,59
nokia 5800 xpressmusic,58
mi?5,58
xi?aomi? mi? max,58
nokia 6500,58
cep telefonu samsung,58
a7 2016,57
iphone 7plus,57
lg x cam,57
htc one me,57
samsung galaxy note 3 neo,57
p9,56
samsung galaxy note5,56
samsung duos modelleri,56
sony m5,56
"8160\""ace 2\""",56
apple 4s,56
samsung 5610,56
xiaomi redmi 3,56
venüs 5070,55
galaxy j2,55
j7 pri?me,55
concord telefon,55
samsung note 2,55
6s 32gb,55
samsung alpha,55
turkcell t50 telefon,55
redmi,55
nokia 2330,54
hiking a15,54
en ucuz telefonlar,54
lenovo a2020,54
nokia6300,54
en ucuz cep telefonlar?,54
nokia n70,54
samsung galaxy cep telefonlar?,54
vestel venus v3 5010,54
iphone7 plus,53
ucuz telefonlar,53
samsung a310,53
samsung note5,53
nokia 215,53
general,53
gr5,52
d855,52
samsung s5 mini,52
hiking,52
samsung g532,52
nokia 3410,52
iphone 5s 32gb,51
wildfire s,51
nokia 206,51
casper via a1 telefon,51
samsung s5610,51
samsung galaxy j710,51
16 mp kamera,50
c9,50
idol 3,50
samsung 350,50
nokia kapakli,49
i phone 7 plus,49
asus zenfone 3 ze552kl,49
xperia z,49
?phone se,49
nokia telefon,49
samsung galaxy telefon fiyatlar?,49
lg g3 32,49
vestel 5010,48
asus zenfone max telefon,48
ultron x,48
ipone,48
apple iphone 4s,48
huvai p9,48
nokia 222,48
htc 820,48
samsung j1 mini,47
samsung galaxy a510,47
iphone 6s 64,47
lenovo vibe k5 note,47
samsung a710,47
tu?lu cep telefonlar?,47
ericsson a1018,47
lumia 520,47
turkcell t60,46
nok?a 3310,46
ipone 7 plus,46
mi,46
v3 5070,46
lg 4,46
atrix 860,46
galaxy a3,46
lg stylus 2 plus,46
sony xperia z5 premium cep telefonu,45
xi?aomi? redmi? note 4,45
çift hatl?,45
casper v10,45
xiaomi mi5 telefon,44
samsung c 7,44
j 5,44
nokia cep telefonlar?,44
sony x,44
ultron,44
ak?ll? cep telefonu,44
galaxy ace,44
iphone 7 cep telefonu,44
bimeks telefon,43
i?phone7,43
ipone 6s plus,43
n8,43
samsung galaxy a8 cep telefonu,43
samsung grand,43
firsat,42
sony experia xz,42
samsung grand prime,42
apple iphone se,42
samsung galaxy a710,42
htc desire 728,42
lg v20 telefon,42
samsung ace,42
iphone 5c cep telefonu,42
?phone 4,42
nokia asha 302,42
samsung galaxy pro,41
samsung e5,41
microsoft lumia,41
xperia z2,40
on7,40
s?f?r cep telefonlar?,40
motorola cep telefonu,40
vestel venüs v3 5040,40
e71,40
kapakl? telefon,40
lg ak?ll? telefon,40
vestel v3,40
nokia k?zakl?,40
te?hir ürünleri,40
windows phone,39
i?phone6,39
iphone 5s gold,39
i phone 4,39
teknosa outlet,39
v3 5580,39
sony z5 premium,38
mate 9,38
ak?l? telefonlar,38
htc desire 828,38
samsung note3,38
ipohone 6,38
?pohone 5s,38
samsung note 2 el,38
?phone 6s plus,38
nokia 6303i,38
htc cep telefonlar?,38
vestel venüs 5010,38
samsung galaxy s3 mini ikinci el,37
htc 825,37
lenovo moto,37
nokia lumia 930,37
outlet cep telefonu,37
vestel 5580,37
vestel venüs v3 5570,37
casper via v6,37
a510,37
?phone 5 s,36
v3 5010,36
apple 5,36
dokunmatik en ucuz cep telefonu,35
iphone 7 fiyat?,35
asus zenfone 4,34
xperia e5,34
n7500,34
via a1,34
lumia 820,34
eski telefonlar,34
kullanilmami?,34
nokia 6510,34
nokia 808 pureview,33
tu?lu cep telefonlar,33
htc windows phone 8x,33
samsung e2250,33
"\""xperia p\"" lt22i",33
zenfone laser,33
nokia 1100 s?f?r,33
nokia 7230,33
casper via v8,33
c7 samsung,33
samsung galaxy s 5,33
vestel venüs v3 5020,33
telefon modelleri,32
iphone 6 gold,32
xperia m5,32
sony xperia xa ultra f3211,32
apple iphone 3,32
iphone 7 256 gb,32
android telefonlar,32
nokia 3110,32
nokia 6610,32
nokia1100,31
j1 ace,31
nokia c2,31
venüs v3,31
g900,31
d802,31
lg g4 32gb,31
lumia 920,31
a710,31
lg stylus,31
c 5,31
piranha iq,30
samsung 5830i,30
kameras?z cep telefonu,30
nokia n95 8gb,30
samsung s6 edge plus,30
trident cep telefonu,30
grand prime plus,30
en ucuz android cep telefonlar?,30
note3 samsung,30
ikinci el telefon,30
alcatel onetouch idol 3 5 5,30
s3mini,29
grand prime,29
vestel venus 5040,29
xa,29
i phone se,29
mi? 5,29
note2 n7100,29
te?hir ürünler,29
çift hatl? telefon,29
samsung a5 cep telefonu,29
galaxy s2,29
j5 pri?me,29
samsung ak?ll? telefon,29
3 hatl?,28
htc windows phone 8s,28
lg v10 telefon,28
asus max,28
çinçin mal?telefonucuzneden,28
iphone 5 bimeks,28
samsung edge,28
motorola atrix 4g,28
galaxy on7,28
huawei cep telefonlar?,28
iphone 5 beyaz,28
vestel 5070,28
apple iphone 7 32gb cep telefonu,28
nokia 225,28
vestel venüs v3 5580,28
nokia e5,28
ze552kl,28
priv,27
h815,27
samsung dokunmatik,27
microsoft lumia 640 xl,27
ak?ll? telefonikinci eloyunuygulamacep telefonu,27
samsung s3353,27
kapali-kutu,27
nokia 5310,27
iphone 4s fiyatlar?,27
motorola moto g4,27
htc a9,27
alcatel onetouch idol 3,27
samsung sgh 600,27
xiaomi redmi note 3,27
gt,27
vestel venüs 5570,27
cep telefonu ikinci el,27
lenovo p1 pro,26
ipone se,26
moto z play,26
3g,26
samsung mini,26
nokia 6230,26
samsung j,26
huawei? p9,26
sony ericsson cep telefonlar?,26
samsung d500,25
vestel 5570,25
motorola atrix,25
cep telefonu tu?lu,25
samsung galaxy grand neo plus,25
lg g 3,25
iphone kutusu,25
söke,25
lg k520,25
samsung galaxy note 1,25
iphone 5se,25
i?phone 3,25
samsung g600,25
lg optimus l5,24
lenova telefon,24
phone,24
vestel venüs 5580,24
apple se,24
nokia 6700 slide,24
nokia 603,24
ayfon 5s telefon,24
lenovo k5 a6020,24
samsung galaxy s3 mini en ucuz,24
acil sat?l?k,24
kart telefon,24
ya?l?lar için telefon,24
xiaomi telefon,24
huawei? p9 li?te,23
iphone 3g,23
xi?aomi? redmi? pro,23
en ucuz iphone 6 plus 64gb,23
samsung note2,23
iphone 7 jet black,23
one m8,23
htc desire 620g,23
iphone 6 plus 64,23
iphone plus,23
desire 516,23
samsung pro,23
lumia 930,22
s4mini,22
samsung galaxy note 3 n9000,22
2 el telefonlar,22
iphone 4ikinci elgüvennas?ldikkat,22
samsung galaxy j5 pri?me,22
samsung galaxy note 3 n9005,22
samsung j7 pr?me,22
venüs 5580,22
samsung c270,22
gold telefon,22
alcatel one touch,22
samsung chat,22
galaxy a5 2016,21
zenfone2,21
gm 4g,21
lg g4 32,21
venüs 5010,21
s1 lite,21
galaxy j3,21
iphone 6 16,21
venus v3,21
i?phone 5c,21
samsung j7 gold,21
nokia 216,21
general mobile discovery 2 mini cep telefonu,21
iphone 5 s?f?r,21
samsung galaxy s6 g920,21
vestel venüs 5040,21
nokia telefonu,20
outlet telefon,20
philips cep telefonu,20
ya?l? telefonu,20
nokia 8600 luna,20
samsung note 4 edge,20
htc 8x,20
vibe p1,20
lg g,20
n9000,20
swap,20
stylus 2,20
zenfone 2 laser,20
i? phone,19
j3 2016,19
asus zenfone 2 laser 5.5,19
lg 2,19
1 gb ram,19
huawei nexus 6p,19
samsung galaxy j 2,19
nokya telefon,19
galaxy c9,19
çift hat,19
6 inç telefon,19
htc explorer,19
samsung galaxy s7 edge g935f,19
huawei ascend mate 8,19
ipone 5s telefon,19
iphone 5s silver,19
gm5plus,18
nokia 3510,18
xiaomi max,18
çift sim kartl? android telefonlar,18
s5610,18
samsung galaxy s3 i9300,18
samsung mini telefonlar,18
te?hir cep telefonlar?,18
ipohone,18
?phone7,18
desire 500,18
windows phone 8,18
v3 5040,18
venüs v3 5010,18
galaxy s6 edge,18
v3 5570,18
desire 310,18
samsung one 7,18
te?hi?r,18
vestel v3 5010,18
huawe?,18
iphone 4 16gb,18
sony ericsson w910i,18
samsung galaxy a7 2016 telefon,18
vestel 5040,18
g4 32,17
lg l9,17
samsung star,17
huawei y6 pro,17
i8200,17
cep tlf,17
on5,17
?phone4s,17
cep tel,17
motorola cep telefonlar?,17
compact,17
iphone 6s plus 32,17
lg g4c telefon,17
samsung galaxy a7 cep telefonu,17
iphone 5 c,17
g610,17
nokia 5610,17
vibe,17
antika telefonlar,17
v20,17
xiaomi mi 4,17
huawei mate,17
ucuz telefon,17
lenovo s1,16
s3600,16
venüs 5570,16
en ucuz samsung telefonlar,16
i phone 6 s,16
atrix,16
asus zenfone 5 lite 8gb k?rm?z? - çift hatl?,16
huawei mate 8 telefon,16
j320,16
c7 64 gb,16
asus zenfone go,16
grand 2,16
ipone 6 plus,16
samsung galaxy note 4 edge,16
nokia asha,15
samsung galaxy c,15
kameras?z telefon,15
genaral mobile,15
kampanyal? cep telefonlar?,15
galaxy c9 pro,15
iphonr 6s,15
replika telefon,15
nokia 2600,15
ak?l? telefon,15
ipohone 7,15
samsung 5610k,15
lg g3 stylus telefon,15
casper vi?a m1,15
samsung j1 ace,15
android one,15
aç?k art?rma,15
c5-03,15
samsung kapakl? telefon,15
alcatel i?dol 4,14
xiaomi redmi note,14
general mobil,14
lumia 540,14
m8,14
sahibinden n,14
sansung a7,14
samsung a 5 2017,14
e1150,14
nokia 1208,14
?phone 6s telefon,14
bb mobile,14
huawei? mate 8,14
iphone 32 gb,14
rami?lemcianakartsat?n almakikinci el,14
lg g4 stylus telefon,14
teknosa preo,14
turkcell t40,14
nokia c2-01 black,14
s 5,14
mi 4,14
samsung a510f,14
samsung galaxy 500,14
ses tv,13
sony ericsson c902,13
samsung u900,13
lumia 640,13
samsung j320,13
samsung s2,13
z5 compact,13
ikinci el cep telefonlar?,13
a7 samsung,13
41 mp nokia lumia 1020,13
i9300,13
indirimli telefonlar,13
blackberry 8520,13
samsung galaxy s6 edge telefon,13
lenovo vibe c,13
samsung galaxy grand prime plus g532,13
samsung s4 i9500,13
lg g 4,13
turkcell t10,13
samsung s7 edge cep telefonu,13
samsung note 2 n7100,13
13 mp kamera,13
iphone 6 32gb,13
ucuzluk,13
"\""xperia p\""lt22i",13
s?f?r nokia,12
xiaomi mi5 s,12
s3 mi?ni?,12
samsung galaxy ace 2,12
lg 3,12
nokia 8900,12
samsung galaxy j7 2016 telefon,12
kvk telefon,12
vodafone cep telefonu,12
iphone 8,12
nokia 6600 slide,12
nokia 6670,12
vestel v3 5040,12
general mobile android one 4g,12
nokia tu?lu,12
telefonlar,12
?phone 7 fiyat?,12
mi?5s,12
sorunlu,12
turkcell telefon,11
zenfone 3 deluxe,11
sony experia xa ultra,11
vestel v3 5580,11
nokia n86,11
8 çekirdek,11
ze500kl,11
galaxy grand prime,11
i9500,11
ceptelefonu,11
j3 pro,11
lg k,11
lumia 620,11
tu?lu tu?lu,11
asus zenfone 3 laser zc551kl,11
mobile,11
lg k8 telefon,11
note 1,11
gm 5plus,11
ipohone 7 plus,11
i?phone 7 32 gb,11
samsung note ii n7100,11
aphone 5s,10
htc 2,10
samsung galaxy j7 prime g610,10
nokia asha 309,10
iphone 4 fiyatlar?,10
motorola moto z,10
nokia 6300 telefon,10
lg g5 h860,10
venüs v3 5570,10
htc desire 626g,10
xiaomi 5,10
samsung gt,10
kvk,10
phone 4,10
alcatel one touch ?dol,10
htc desire 10,10
general mobile planet,10
nokia 2220,10
htc desire 816g,10
sony ericsson w880i,10
galaxy s6 edge plus,10
sony z1,10
nokia n81,9
samsung a7 telefon,9
sony xperia z5 premium telefon,9
?ok fiyat,9
galaxy young,9
lg g2 d620,9
venüs 5040,9
vibe k5,9
mei?zu,9
sifirlanmi?,9
via e1,9
?phone 6 gold,9
telefon özellikli,9
4g,9
blackberry curve 8520,9
lg g3 d723,9
samsung galaxy e5 telefon,9
asker telefonu,9
lg g5 telefon,9
paralel ithalat,9
delta garantili,9
ucuzcu,9
c5 ultra,9
xperia z3 plus,9
sony experia,9
samsung f480,9
lumia 630,9
blackberry curve,9
galaxy e5,9
lg g3 telefon,8
?arjs?z telefon,8
"7562 \""s duos\""",8
samsung j3 pro,8
casper via e1c,8
vestel venüs 5020,8
zenfone go,8
özellikli,8
sahibinden ?phone 5s,8
blackberry passport silver edition,8
ikinci el telefonlar,8
iphone 4s 32gb,8
apple 7 plus,8
samsung e250i,8
sony c5,8
htc desire 820 fiyat,8
mini telefon,8
venus v3 5020,8
kapakl? telefon modelleri,8
zenfone 2 32,8
galaxy a710,8
general mob?le,8
android one 4g,8
samsung galaxy s5 g900,8
nokia asha 210,7
i?kinci el,7
j500,7
samsung galaxy s6 edge plus telefon,7
galaxy j1,7
galaxy j7 pri?me,7
cep telefonu kampanyalar?,7
i phone 4s,7
nokia 701,7
v3 telefon,7
noki?a 6020,7
sony z,7
blackberry torch,7
lg g4 c,7
g flex 2,7
general mobile 5m plus,7
5 plus,7
cep paket,7
sony experia e5,7
y6,7
ipone5,7
ipone7,7
nokia cihazlar,7
samsung j500,7
1100 nokia,7
galaxy s,7
kvk garantili telefonlar,7
nokia klasik,7
nokia mini telefonlar,7
samsung 2121,7
lg g4 h818,7
samsung xcover,7
sat?l?k iphone 5,7
i9190,7
samsung galaxy s4 i9500,7
k750,6
blackberry bold 9780,6
e250,6
galaxy s3 mini i8190,6
samsung note 5 gold,6
samsung j3 2016,6
sony xperia xa ultra telefon,6
nokia 300,6
nokia c1 01,6
siemens cep telefon,6
s?f?rlanm?? telefon,6
asha 300,6
nokia 6,6
refurbisheds?f?rlanm??yenilenmi?foto?raf makinas?,6
lg g5 se,6
c 5 telefon,6
j1 2016,6
redmi? pro,6
samsung note edge,6
g935,6
zs570kl,6
samsung ace 2,6
6300 telefon,6
idol,6
lg ak?ll? telefonlar,6
xiaomi 5s,6
elci 2 telefon,6
n910,6
tu?lu telefonlar fiyatlar?,6
huwaei p9,6
apple 5s telefon,5
desire 820,5
lg optimus l7,5
mini telefonlar,5
n920,5
samsung s3 mini samsung,5
te?hir ürünü telefon,5
? phone,5
g930,5
i9100,5
eli,5
htc wildfire,5
iphone 5 2 el,5
lg g3 16,5
s?f?r,5
sola mt27i,5
nokia 3600,5
sony m5 telefon,5
apple i?phone 6s,5
asus zenfone go 2,5
nokia klasik cep telefonu,4
samsung galaxy j320,4
delta garanti,4
nokia n82,4
iphone 64 gb,4
kvk garantili cep telefonlar?,4
sahibinden m,4
corby,4
samsung j120,4
nokia 6260,4
nokia 925,4
?phone 5se cep telefonu,4
9700 bold,4
nokia 302,4
iphone 5 se,4
elephone,4
h860,4
s4 mi?ni?,4
? phone 7,4
a2020,4
asha,4
one touch,4
resmi distribütör garantisi,4
cift hatli,4
general mobile gm 5 plus telefon,4
nokia n,4
huawei ascend mate 8 64 gb,4
kvkgenpadoratelpamobitel,4
samsung galaxy gold,4
xi?aomi? mi? 5s,4
samsung edge 7,4
galasy alpha,4
phone 7,4
sony eurasia garantisi,4
meizu mx6,4
e8 telefon,4
general mobi?le 5 plus,4
sony ericsson xperia,4
sony ion,3
intouch,3
galaxy s4 gt-i9505,3
genpa garanti,3
motorola z,3
dubai telefon,3
xiaomi mi 5s 64gb,3
?phone 4s anakart,3
?pone,3
casper via via,3
2.el telefonlar,3
iphone 6s plus telefon,3
genpa,3
galaxy j510,3
samsung galaxy note 5 n920,3
ace,3
816g,3
galaxy j710,3
optimus black,3
xperia e,3
general mobile 4g dual,3
blackberry 9780,3
g930f,3
sony xperia mp4 aqua,3
one m9,3
samsung j200,3
g gürcistan,3
lg g5 dual,3
casper e1,3
aç?lmam??,3
samsung galaxy s5 gold,3
iphone 7 rose gold,3
samsung galaxy grand plus,3
samsung galaxy j2 gold,3
g3 beat,2
nokianokiasamsungkvktelpa,2
samsung a 8 2016,2
nokia 6700 telefon,2
"asus zenfone 2 laser 5.5""",2
nokia çift hatl? telefonlar?,2
sony z5 compact,2
cep telefou,2
nokia asha 220,2
a310f,2
general mobil telefon,2
j1 mi?ni?,2
nokia 6103,2
go st27i,2
samsung galaxy grand neo telefon,2
siemens cep telefonlar?,2
xiaomi mi5splus,2
blackberry 8100,2
gold mobile,2
televizyonmodemflorasan ampulelektrikcep telefon,2
xperia x8,2
telefon distribütörleri,2
?q telefon,2
garantisiz telefonlar,2
leeco,2
dual s?m,1
bahçeli_å iran,1
en ucuz android telefon,1
gio 5660,1
quad core telefonlar,1
vestel v3 5020,1
galaxy j3 pro,1
samsung galaxy duos çift hatl?,1
telefon fiyatlari,1
g600,1
ikinci el pazar?,1
? phone 6,1
samsung galaxy plus,1
pi?ranha zen,1
general mobile discovery elit,1
4g li telefonlar,1
935,1
samsung j2 telefon,1
telefon replika,1
kaçak telefonsonradan imei at?lm?? telefongarantili telefontelefonum kaçak m??cep telefonu,1
apple iphone 5 8gb,1
cep telefonu nok?a,1
huawei? mate s,1
samsung a500 galaxy a5,1
samsung e7 fiyat?,1
sony e4,1
spot beyaz e,1
h3644,
